Auto commit at Wed Jul 23 10:12:53 UTC 2025
Auto commit at Thu Jul 24 09:47:44 UTC 2025
Auto commit at Fri Jul 25 09:48:33 UTC 2025
Auto commit at Sat Jul 26 09:37:36 UTC 2025
Auto commit at Sun Jul 27 09:39:04 UTC 2025
Auto commit at Mon Jul 28 09:51:04 UTC 2025
Auto commit at Tue Jul 29 09:49:21 UTC 2025
Auto commit at Wed Jul 30 09:52:31 UTC 2025
Auto commit at Thu Jul 31 09:48:59 UTC 2025
Auto commit at Fri Aug  1 09:49:43 UTC 2025
Auto commit at Sat Aug  2 09:39:28 UTC 2025
Auto commit at Sun Aug  3 09:39:15 UTC 2025
Auto commit at Mon Aug  4 09:56:31 UTC 2025
Auto commit at Tue Aug  5 09:51:46 UTC 2025
Auto commit at Wed Aug  6 09:52:39 UTC 2025
Auto commit at Thu Aug  7 09:50:25 UTC 2025
Auto commit at Fri Aug  8 09:50:24 UTC 2025
Auto commit at Sat Aug  9 09:35:37 UTC 2025
Auto commit at Sun Aug 10 09:35:44 UTC 2025
Auto commit at Mon Aug 11 09:48:37 UTC 2025
Auto commit at Tue Aug 12 09:39:48 UTC 2025
Auto commit at Wed Aug 13 09:40:23 UTC 2025
Auto commit at Thu Aug 14 09:41:54 UTC 2025
Auto commit at Fri Aug 15 09:38:26 UTC 2025
Auto commit at Sat Aug 16 09:32:18 UTC 2025
Auto commit at Sun Aug 17 09:32:35 UTC 2025
Auto commit at Mon Aug 18 09:46:23 UTC 2025
Auto commit at Tue Aug 19 09:36:44 UTC 2025
Auto commit at Wed Aug 20 09:37:56 UTC 2025
Auto commit at Thu Aug 21 09:37:38 UTC 2025
Auto commit at Fri Aug 22 09:35:56 UTC 2025
Auto commit at Sat Aug 23 09:29:43 UTC 2025
Auto commit at Sun Aug 24 09:09:50 UTC 2025
Auto commit at Mon Aug 25 09:12:44 UTC 2025
Auto commit at Tue Aug 26 09:11:56 UTC 2025
Auto commit at Wed Aug 27 09:11:29 UTC 2025
Auto commit at Thu Aug 28 09:11:17 UTC 2025
Auto commit at Fri Aug 29 09:11:27 UTC 2025
Auto commit at Sat Aug 30 09:09:35 UTC 2025
Auto commit at Sun Aug 31 09:08:59 UTC 2025
Auto commit at Mon Sep  1 09:13:26 UTC 2025
Auto commit at Tue Sep  2 09:11:56 UTC 2025
Auto commit at Wed Sep  3 09:10:44 UTC 2025
Auto commit at Thu Sep  4 09:10:36 UTC 2025
Auto commit at Fri Sep  5 09:10:46 UTC 2025
Auto commit at Sat Sep  6 09:08:56 UTC 2025
Auto commit at Sun Sep  7 09:08:57 UTC 2025
Auto commit at Mon Sep  8 09:13:07 UTC 2025
Auto commit at Tue Sep  9 09:11:51 UTC 2025
Auto commit at Wed Sep 10 09:10:58 UTC 2025
Auto commit at Thu Sep 11 09:10:40 UTC 2025
Auto commit at Fri Sep 12 09:10:30 UTC 2025
Auto commit at Sat Sep 13 09:09:05 UTC 2025
Auto commit at Sun Sep 14 09:09:03 UTC 2025
Auto commit at Mon Sep 15 09:12:33 UTC 2025
Auto commit at Tue Sep 16 09:11:54 UTC 2025
Auto commit at Wed Sep 17 09:11:34 UTC 2025
Auto commit at Thu Sep 18 09:11:03 UTC 2025
Auto commit at Fri Sep 19 09:12:04 UTC 2025
Auto commit at Sat Sep 20 09:09:55 UTC 2025
Auto commit at Sun Sep 21 09:09:27 UTC 2025
Auto commit at Mon Sep 22 09:13:05 UTC 2025
Auto commit at Tue Sep 23 09:11:42 UTC 2025
Auto commit at Wed Sep 24 09:11:45 UTC 2025
Auto commit at Thu Sep 25 09:11:16 UTC 2025
Auto commit at Fri Sep 26 09:11:29 UTC 2025
Auto commit at Sat Sep 27 09:09:32 UTC 2025
Auto commit at Sun Sep 28 09:09:35 UTC 2025
Auto commit at Mon Sep 29 09:13:00 UTC 2025
Auto commit at Tue Sep 30 09:12:10 UTC 2025
Auto commit at Wed Oct  1 09:12:09 UTC 2025
Auto commit at Thu Oct  2 09:11:15 UTC 2025
Auto commit at Fri Oct  3 09:10:55 UTC 2025
Auto commit at Sat Oct  4 09:09:26 UTC 2025
Auto commit at Sun Oct  5 09:09:24 UTC 2025
Auto commit at Mon Oct  6 09:13:37 UTC 2025
Auto commit at Tue Oct  7 09:11:42 UTC 2025
Auto commit at Wed Oct  8 09:11:47 UTC 2025
Auto commit at Thu Oct  9 09:11:48 UTC 2025
Auto commit at Fri Oct 10 09:12:11 UTC 2025
Auto commit at Sat Oct 11 09:09:22 UTC 2025
Auto commit at Sun Oct 12 09:09:31 UTC 2025
Auto commit at Mon Oct 13 09:13:46 UTC 2025
Auto commit at Tue Oct 14 09:12:16 UTC 2025
Auto commit at Wed Oct 15 09:12:07 UTC 2025
Auto commit at Thu Oct 16 09:12:34 UTC 2025
Auto commit at Fri Oct 17 09:12:09 UTC 2025
Auto commit at Sat Oct 18 09:09:52 UTC 2025
Auto commit at Sun Oct 19 09:09:39 UTC 2025
Auto commit at Mon Oct 20 09:13:01 UTC 2025
Auto commit at Tue Oct 21 09:12:02 UTC 2025
Auto commit at Wed Oct 22 09:12:45 UTC 2025
Auto commit at Thu Oct 23 09:12:20 UTC 2025
Auto commit at Fri Oct 24 09:12:40 UTC 2025
Auto commit at Sat Oct 25 09:09:46 UTC 2025
Auto commit at Sun Oct 26 09:09:40 UTC 2025
Auto commit at Mon Oct 27 09:14:08 UTC 2025
Auto commit at Tue Oct 28 09:12:11 UTC 2025
Auto commit at Wed Oct 29 09:11:52 UTC 2025
Auto commit at Thu Oct 30 09:12:07 UTC 2025
Auto commit at Fri Oct 31 09:11:50 UTC 2025
Auto commit at Sat Nov  1 09:10:21 UTC 2025
Auto commit at Sun Nov  2 09:09:36 UTC 2025
Auto commit at Mon Nov  3 09:14:06 UTC 2025
Auto commit at Tue Nov  4 09:13:09 UTC 2025
Auto commit at Wed Nov  5 09:12:43 UTC 2025
Auto commit at Thu Nov  6 09:12:18 UTC 2025
Auto commit at Fri Nov  7 09:11:36 UTC 2025
Auto commit at Sat Nov  8 09:09:47 UTC 2025
Auto commit at Sun Nov  9 09:09:44 UTC 2025
Auto commit at Mon Nov 10 09:13:55 UTC 2025
Auto commit at Tue Nov 11 09:12:08 UTC 2025
Auto commit at Wed Nov 12 09:13:17 UTC 2025
Auto commit at Thu Nov 13 09:13:06 UTC 2025
Auto commit at Fri Nov 14 09:12:04 UTC 2025
Auto commit at Sat Nov 15 09:09:55 UTC 2025
Auto commit at Sun Nov 16 09:10:23 UTC 2025
Auto commit at Mon Nov 17 09:15:16 UTC 2025
Auto commit at Tue Nov 18 09:12:57 UTC 2025
Auto commit at Wed Nov 19 09:12:32 UTC 2025
Auto commit at Thu Nov 20 09:12:10 UTC 2025
